{"stat.pickup.minecraft.bone":6,"stat.useItem.minecraft.iron_axe":259,"stat.leaveGame":5,"stat.mineBlock.minecraft.cobblestone":6,"stat.mineBlock.minecraft.yellow_flower":1,"stat.craftItem.minecraft.iron_axe":2,"stat.swimOneCm":9339,"stat.useItem.minecraft.planks":63,"stat.climbOneCm":1572,"stat.craftItem.minecraft.shield":1,"stat.pickup.minecraft.porkchop":45,"stat.useItem.minecraft.dirt":2,"stat.useItem.minecraft.stone_slab2":17,"stat.useItem.minecraft.water_bucket":6,"stat.pickup.minecraft.rotten_flesh":14,"stat.craftItem.minecraft.furnace":3,"stat.craftItem.minecraft.stone_axe":1,"stat.craftItem.minecraft.iron_boots":1,"stat.useItem.minecraft.iron_ore":2,"stat.craftItem.minecraft.stone_pickaxe":1,"stat.pickup.minecraft.cobblestone":295,"stat.flyOneCm":208093,"stat.pickup.minecraft.glass_bottle":2,"stat.killEntity.Witch":1,"stat.drop.minecraft.wheat_seeds":3,"stat.pickup.minecraft.redstone":61,"stat.mineBlock.minecraft.iron_ore":96,"stat.timeSinceDeath":68675,"stat.useItem.minecraft.iron_pickaxe":501,"stat.craftItem.minecraft.wooden_pickaxe":1,"stat.pickup.minecraft.mutton":8,"stat.killEntity.Bat":1,"stat.craftItem.minecraft.bed":1,"stat.furnaceInteraction":52,"stat.useItem.minecraft.cooked_porkchop":11,"stat.mineBlock.minecraft.coal_ore":52,"stat.talkedToVillager":27,"stat.drop.minecraft.red_flower":1,"stat.pickup.minecraft.string":26,"stat.pickup.minecraft.beef":17,"stat.pickup.minecraft.furnace":1,"stat.craftItem.minecraft.stone_slab2":0,"stat.sprintOneCm":200279,"stat.craftItem.minecraft.stick":140,"stat.craftItem.minecraft.wooden_axe":1,"stat.pickup.mca.rose_gold_ore":9,"stat.useItem.minecraft.wheat_seeds":37,"stat.mineBlock.minecraft.crafting_table":1,"stat.useItem.minecraft.carrot":17,"stat.useItem.minecraft.bucket":7,"stat.deaths":1,"stat.mineBlock.minecraft.planks":4,"stat.drop":9,"stat.playOneMinute":70077,"stat.killEntity.Sheep":5,"stat.craftItem.minecraft.iron_pickaxe":4,"stat.killEntity.Zombie":12,"stat.drop.minecraft.torch":1,"stat.mineBlock.minecraft.gold_ore":11,"stat.mineBlock.minecraft.tallgrass":42,"stat.diveOneCm":6412,"stat.pickup.minecraft.wheat":8,"stat.chestOpened":51,"stat.useItem.minecraft.stone":4,"stat.pickup.minecraft.gravel":23,"stat.pickup.minecraft.arrow":3,"stat.craftItem.minecraft.cooked_porkchop":40,"stat.pickup.minecraft.stone_axe":1,"stat.useItem.minecraft.apple":2,"stat.jump":1096,"stat.pickup.minecraft.coal":47,"stat.fallOneCm":17612,"stat.pickup.minecraft.carrot":18,"stat.useItem.minecraft.stone_axe":45,"stat.crouchOneCm":6577,"stat.pickup.minecraft.spider_eye":3,"stat.craftItem.minecraft.torch":52,"stat.craftItem.minecraft.iron_ingot":76,"stat.craftItem.minecraft.chest":4,"stat.pickup.minecraft.dirt":21,"stat.craftItem.minecraft.iron_helmet":1,"stat.craftingTableInteraction":25,"stat.pickup.minecraft.iron_ore":96,"stat.mineBlock.mca.rose_gold_ore":9,"stat.useItem.minecraft.sapling":1,"stat.pickup.minecraft.gold_ore":11,"stat.mineBlock.minecraft.lapis_ore":2,"stat.damageTaken":969,"stat.pickup.minecraft.feather":2,"stat.pickup.minecraft.leather":5,"stat.mineBlock.minecraft.furnace":1,"stat.mineBlock.minecraft.torch":4,"stat.mineBlock.minecraft.red_flower":1,"stat.useItem.minecraft.wooden_pickaxe":8,"stat.pickup.minecraft.dye":14,"stat.pickup.minecraft.planks":4,"stat.pickup.minecraft.reeds":7,"stat.pickup.minecraft.wheat_seeds":51,"stat.mineBlock.minecraft.gravel":14,"stat.useItem.minecraft.stone_pickaxe":26,"stat.damageDealt":8054,"stat.sleepInBed":2,"stat.killEntity.Cow":4,"stat.useItem.minecraft.crafting_table":9,"stat.mineBlock.minecraft.dirt":21,"stat.killEntity.Pig":19,"stat.walkOneCm":159337,"stat.useItem.minecraft.torch":58,"stat.useItem.minecraft.chest":3,"stat.pickup.minecraft.stick":1,"stat.drop.minecraft.rotten_flesh":4,"stat.pickup.minecraft.crafting_table":1,"stat.useItem.minecraft.cobblestone":119,"stat.craftItem.minecraft.crafting_table":13,"stat.useItem.minecraft.gravel":2,"stat.mineBlock.minecraft.double_plant":2,"stat.pickup.minecraft.log":173,"stat.pickup.minecraft.stone":33,"stat.pickup.minecraft.chicken":2,"stat.pickup.minecraft.sapling":9,"stat.entityKilledBy.Enderman":1,"stat.pickup.minecraft.apple":2,"stat.killEntity.Skeleton":5,"stat.craftItem.minecraft.planks":692,"stat.killEntity.Chicken":2,"stat.killEntity.Spider":8,"stat.mobKills":58,"stat.pickup.minecraft.book":21,"stat.mineBlock.minecraft.log":174,"stat.mineBlock.minecraft.bookshelf":7,"stat.mineBlock.minecraft.leaves":7,"stat.pickup.minecraft.torch":11,"stat.pickup.minecraft.red_flower":1,"stat.mineBlock.minecraft.redstone_ore":15,"stat.sneakTime":2697,"stat.pickup.minecraft.wool":5,"stat.drop.minecraft.stone_axe":1,"stat.drop.minecraft.yellow_flower":1,"stat.useItem.minecraft.wooden_axe":48,"stat.pickup.minecraft.yellow_flower":1,"stat.mineBlock.minecraft.stone":320}