{"stat.chestOpened":12,"stat.pickup.minecraft.pumpkin":4,"stat.pickup.minecraft.bone":6,"stat.horseOneCm":8454,"stat.useItem.minecraft.iron_axe":2,"stat.pickup.minecraft.gravel":33,"stat.leaveGame":1,"stat.pickup.minecraft.arrow":9,"stat.mineBlock.minecraft.pumpkin":4,"stat.craftItem.minecraft.cooked_porkchop":11,"stat.pickup.minecraft.flint":4,"stat.craftItem.minecraft.iron_axe":1,"stat.jump":1323,"stat.swimOneCm":44477,"stat.pickup.minecraft.coal":207,"stat.fallOneCm":27052,"stat.craftItem.minecraft.shield":1,"stat.pickup.minecraft.cooked_porkchop":9,"stat.useItem.minecraft.stone_axe":48,"stat.pickup.minecraft.gunpowder":1,"stat.pickup.minecraft.porkchop":25,"stat.crouchOneCm":259,"stat.craftItem.minecraft.torch":140,"stat.craftItem.minecraft.iron_ingot":74,"stat.craftItem.minecraft.chest":1,"stat.pickup.minecraft.dirt":10,"stat.useItem.minecraft.dirt":3,"stat.craftItem.minecraft.iron_helmet":1,"stat.useItem.minecraft.stone_slab2":24,"stat.craftingTableInteraction":26,"stat.pickup.minecraft.iron_ore":89,"stat.pickup.minecraft.rotten_flesh":5,"stat.craftItem.minecraft.furnace":1,"stat.mineBlock.mca.rose_gold_ore":2,"stat.pickup.minecraft.gold_ore":22,"stat.craftItem.minecraft.stone_axe":1,"stat.craftItem.minecraft.iron_boots":1,"stat.damageTaken":1069,"stat.craftItem.minecraft.stone_pickaxe":1,"stat.mineBlock.minecraft.furnace":4,"stat.mineBlock.minecraft.torch":3,"stat.useItem.minecraft.wooden_pickaxe":23,"stat.pickup.minecraft.cobblestone":382,"stat.craftItem.minecraft.wooden_sword":1,"stat.craftItem.minecraft.stone_sword":1,"stat.flyOneCm":199458,"stat.pickup.minecraft.bed":6,"stat.pickup.minecraft.wheat_seeds":3,"stat.mineBlock.minecraft.gravel":36,"stat.useItem.minecraft.stone_pickaxe":119,"stat.useItem.minecraft.stone_sword":36,"stat.craftItem.minecraft.iron_leggings":1,"stat.damageDealt":5386,"stat.pickup.minecraft.redstone":27,"stat.mineBlock.minecraft.iron_ore":89,"stat.sleepInBed":7,"stat.timeSinceDeath":85039,"stat.mineBlock.minecraft.dirt":10,"stat.useItem.minecraft.iron_pickaxe":250,"stat.craftItem.minecraft.wooden_pickaxe":1,"stat.killEntity.Pig":11,"stat.pickup.minecraft.mutton":23,"stat.craftItem.minecraft.iron_sword":1,"stat.walkOneCm":292044,"stat.craftItem.minecraft.bed":1,"stat.useItem.minecraft.torch":112,"stat.pickup.minecraft.crafting_table":8,"stat.useItem.minecraft.cobblestone":20,"stat.craftItem.minecraft.crafting_table":1,"stat.furnaceInteraction":52,"stat.useItem.minecraft.cooked_porkchop":6,"stat.mineBlock.minecraft.coal_ore":145,"stat.killEntity.Creeper":1,"stat.pickup.minecraft.log":19,"stat.pickup.minecraft.string":2,"stat.useItem.minecraft.cooked_mutton":10,"stat.pickup.minecraft.furnace":4,"stat.craftItem.minecraft.gold_ingot":20,"stat.pickup.minecraft.stone":119,"stat.craftItem.minecraft.iron_chestplate":1,"stat.sprintOneCm":251892,"stat.craftItem.minecraft.stick":60,"stat.craftItem.minecraft.wooden_axe":1,"stat.pickup.mca.rose_gold_ore":2,"stat.killEntity.Skeleton":8,"stat.craftItem.minecraft.bucket":2,"stat.craftItem.minecraft.planks":76,"stat.useItem.minecraft.iron_sword":26,"stat.mineBlock.minecraft.diamond_ore":5,"stat.mineBlock.minecraft.crafting_table":8,"stat.killEntity.Spider":1,"stat.useItem.minecraft.diamond_pickaxe":392,"stat.mobKills":39,"stat.mineBlock.minecraft.log":19,"stat.useItem.minecraft.bucket":2,"stat.deaths":1,"stat.pickup.minecraft.diamond":5,"stat.mineBlock.minecraft.leaves":2,"stat.playOneMinute":85686,"stat.useItem.minecraft.wooden_sword":28,"stat.pickup.minecraft.torch":4,"stat.killEntity.Sheep":12,"stat.mineBlock.minecraft.redstone_ore":6,"stat.craftItem.minecraft.iron_pickaxe":1,"stat.sneakTime":66,"stat.pickup.minecraft.wool":12,"stat.craftItem.minecraft.diamond_pickaxe":1,"stat.killEntity.Zombie":5,"stat.useItem.minecraft.wooden_axe":3,"stat.mineBlock.minecraft.stone":502,"stat.mineBlock.minecraft.gold_ore":23,"stat.mineBlock.minecraft.tallgrass":10,"stat.craftItem.minecraft.cooked_mutton":23,"stat.diveOneCm":2167}