{"stat.craftItem.minecraft.diamond_chestplate":1,"stat.pickup.minecraft.bone":5,"stat.craftItem.minecraft.diamond_leggings":1,"stat.useItem.minecraft.iron_axe":2,"stat.leaveGame":4,"stat.mineBlock.minecraft.cobblestone":28,"stat.pickup.minecraft.flint":1,"stat.craftItem.minecraft.iron_axe":1,"stat.killEntity.Blaze":20,"stat.useItem.minecraft.diamond_sword":80,"stat.craftItem.minecraft.diamond_helmet":1,"stat.useItem.minecraft.mutton":3,"stat.swimOneCm":2912,"stat.craftItem.minecraft.shield":1,"stat.drop.minecraft.cobblestone":36,"stat.pickup.minecraft.glowstone_dust":48,"stat.useItem.minecraft.dirt":9,"stat.useItem.minecraft.stone_slab2":37,"stat.pickup.minecraft.bow":1,"stat.useItem.minecraft.water_bucket":34,"stat.pickup.minecraft.rotten_flesh":3,"stat.craftItem.minecraft.furnace":1,"stat.useItem.minecraft.egg":1,"stat.craftItem.minecraft.stone_pickaxe":1,"stat.pickup.minecraft.cobblestone":415,"stat.flyOneCm":190866,"stat.pickup.minecraft.redstone":36,"stat.mineBlock.minecraft.iron_ore":49,"stat.timeSinceDeath":5153,"stat.useItem.minecraft.iron_pickaxe":97,"stat.craftItem.minecraft.wooden_pickaxe":1,"stat.pickup.minecraft.mutton":7,"stat.furnaceInteraction":20,"stat.drop.minecraft.wool":4,"stat.mineBlock.minecraft.coal_ore":17,"stat.mineBlock.minecraft.nether_brick":22,"stat.pickup.minecraft.nether_brick":22,"stat.pickup.minecraft.string":6,"stat.useItem.minecraft.cooked_mutton":7,"stat.pickup.minecraft.furnace":1,"stat.craftItem.minecraft.stone_slab2":0,"stat.sprintOneCm":146249,"stat.craftItem.minecraft.stick":20,"stat.craftItem.minecraft.wooden_axe":1,"stat.useItem.carryon.tile_item":1,"stat.mineBlock.minecraft.diamond_ore":40,"stat.useItem.minecraft.flint_and_steel":3,"stat.mineBlock.minecraft.crafting_table":6,"stat.useItem.minecraft.diamond_pickaxe":435,"stat.useItem.minecraft.bucket":52,"stat.deaths":1,"stat.drop":10,"stat.pickup.minecraft.egg":1,"stat.playOneMinute":72153,"stat.pickup.minecraft.blaze_rod":7,"stat.drop.minecraft.string":4,"stat.killEntity.Sheep":5,"stat.craftItem.minecraft.iron_pickaxe":1,"stat.craftItem.minecraft.diamond_pickaxe":1,"stat.killEntity.Zombie":4,"stat.drop.minecraft.iron_ingot":1,"stat.craftItem.minecraft.diamond_axe":1,"stat.mineBlock.minecraft.gold_ore":6,"stat.mineBlock.minecraft.tallgrass":14,"stat.craftItem.minecraft.cooked_mutton":7,"stat.drop.minecraft.diamond_pickaxe":2,"stat.diveOneCm":87,"stat.chestOpened":7,"stat.mineBlock.minecraft.netherrack":32,"stat.pickup.minecraft.gravel":15,"stat.pickup.minecraft.arrow":5,"stat.useItem.minecraft.diamond_axe":2,"stat.useItem.minecraft.chicken":1,"stat.useItem.minecraft.apple":1,"stat.drop.minecraft.iron_pickaxe":2,"stat.craftItem.minecraft.diamond_sword":1,"stat.jump":1143,"stat.pickup.minecraft.coal":24,"stat.fallOneCm":31833,"stat.pickup.minecraft.iron_ingot":2,"stat.crouchOneCm":65029,"stat.pickup.minecraft.rail":9,"stat.craftItem.minecraft.iron_ingot":21,"stat.pickup.minecraft.dirt":35,"stat.craftingTableInteraction":16,"stat.pickup.minecraft.iron_ore":55,"stat.pickup.minecraft.gold_ore":6,"stat.craftItem.minecraft.flint_and_steel":1,"stat.damageTaken":1266,"stat.mineBlock.minecraft.furnace":1,"stat.mineBlock.minecraft.torch":6,"stat.useItem.minecraft.wooden_pickaxe":19,"stat.pickup.minecraft.reeds":5,"stat.pickup.minecraft.bed":6,"stat.pickup.minecraft.wheat_seeds":2,"stat.pickup.minecraft.diamond_axe":1,"stat.mineBlock.minecraft.gravel":16,"stat.useItem.minecraft.stone_pickaxe":90,"stat.damageDealt":7702,"stat.sleepInBed":9,"stat.mineBlock.minecraft.dirt":36,"stat.craftItem.minecraft.iron_sword":1,"stat.walkOneCm":110546,"stat.useItem.minecraft.bread":13,"stat.playerKills":1,"stat.pickup.minecraft.diamond_pickaxe":2,"stat.pickup.minecraft.crafting_table":6,"stat.useItem.minecraft.cobblestone":252,"stat.craftItem.minecraft.crafting_table":1,"stat.useItem.minecraft.lava_bucket":17,"stat.drop.minecraft.diamond_axe":1,"stat.pickup.minecraft.log":23,"stat.craftItem.minecraft.diamond_boots":1,"stat.pickup.minecraft.iron_pickaxe":1,"stat.pickup.minecraft.stone":56,"stat.craftItem.minecraft.iron_chestplate":1,"stat.pickup.minecraft.chicken":1,"stat.pickup.minecraft.sapling":1,"stat.pickup.minecraft.apple":1,"stat.killEntity.Skeleton":3,"stat.craftItem.minecraft.bucket":1,"stat.craftItem.minecraft.planks":32,"stat.useItem.minecraft.iron_sword":7,"stat.killEntity.Chicken":1,"stat.killEntity.Spider":3,"stat.mineBlock.minecraft.quartz_ore":5,"stat.mineBlock.minecraft.glowstone":16,"stat.mobKills":38,"stat.mineBlock.minecraft.log":23,"stat.pickup.minecraft.quartz":5,"stat.pickup.minecraft.diamond":40,"stat.mineBlock.minecraft.leaves":6,"stat.pickup.minecraft.torch":7,"stat.mineBlock.minecraft.redstone_ore":8,"stat.sneakTime":16431,"stat.pickup.minecraft.wool":4,"stat.useItem.minecraft.wooden_axe":44,"stat.mineBlock.minecraft.stone":412}