{"stat.drop.minecraft.stone_pickaxe":1,"stat.chestOpened":1,"stat.pickup.minecraft.double_plant":1,"stat.walkOneCm":165257,"stat.craftItem.minecraft.bed":2,"stat.useItem.minecraft.torch":1,"stat.pickup.minecraft.bone":2,"stat.pickup.minecraft.wooden_axe":1,"stat.useItem.minecraft.iron_axe":115,"stat.leaveGame":2,"stat.pickup.minecraft.arrow":2,"stat.pickup.minecraft.crafting_table":10,"stat.useItem.minecraft.log":17,"stat.pickup.minecraft.stone_pickaxe":1,"stat.useItem.minecraft.cobblestone":6,"stat.craftItem.minecraft.crafting_table":2,"stat.furnaceInteraction":33,"stat.mineBlock.minecraft.double_plant":2,"stat.craftItem.minecraft.iron_axe":2,"stat.mineBlock.minecraft.coal_ore":31,"stat.pickup.minecraft.wooden_sword":1,"stat.pickup.minecraft.log":93,"stat.pickup.minecraft.string":3,"stat.jump":699,"stat.swimOneCm":7268,"stat.pickup.minecraft.coal":36,"stat.fallOneCm":16074,"stat.pickup.minecraft.iron_ingot":24,"stat.useItem.minecraft.cooked_mutton":5,"stat.pickup.minecraft.furnace":3,"stat.craftItem.minecraft.iron_chestplate":1,"stat.crouchOneCm":4909,"stat.craftItem.minecraft.iron_ingot":14,"stat.craftItem.minecraft.torch":18,"stat.pickup.minecraft.sapling":1,"stat.pickup.minecraft.dirt":12,"stat.useItem.minecraft.dirt":11,"stat.sprintOneCm":100216,"stat.useItem.minecraft.stone_slab2":21,"stat.craftItem.minecraft.stick":24,"stat.craftItem.minecraft.wooden_axe":1,"stat.craftingTableInteraction":40,"stat.pickup.minecraft.iron_ore":16,"stat.killEntity.Skeleton":1,"stat.craftItem.minecraft.furnace":2,"stat.pickup.minecraft.beetroot":11,"stat.craftItem.minecraft.planks":228,"stat.useItem.minecraft.iron_sword":13,"stat.craftItem.minecraft.iron_boots":1,"stat.pickup.minecraft.wooden_pickaxe":1,"stat.mineBlock.minecraft.crafting_table":10,"stat.damageTaken":500,"stat.killEntity.Spider":2,"stat.craftItem.minecraft.stone_pickaxe":1,"stat.mineBlock.minecraft.furnace":3,"stat.mineBlock.minecraft.red_flower":8,"stat.useItem.minecraft.wooden_pickaxe":11,"stat.mobKills":11,"stat.pickup.minecraft.cobblestone":42,"stat.craftItem.minecraft.wooden_sword":1,"stat.mineBlock.minecraft.log":93,"stat.flyOneCm":83176,"stat.pickup.minecraft.bed":4,"stat.deaths":1,"stat.drop":2,"stat.pickup.minecraft.wheat_seeds":39,"stat.mineBlock.minecraft.leaves":17,"stat.pickup.minecraft.beetroot_seeds":23,"stat.playOneMinute":57167,"stat.useItem.minecraft.wooden_sword":33,"stat.pickup.minecraft.torch":1,"stat.killEntity.Sheep":8,"stat.useItem.minecraft.stone_pickaxe":18,"stat.pickup.minecraft.red_flower":9,"stat.sneakTime":1530,"stat.craftItem.minecraft.iron_pickaxe":2,"stat.craftItem.minecraft.iron_leggings":1,"stat.pickup.minecraft.wool":7,"stat.damageDealt":1351,"stat.mineBlock.minecraft.iron_ore":16,"stat.sleepInBed":5,"stat.timeSinceDeath":31874,"stat.useItem.minecraft.wooden_axe":13,"stat.drop.minecraft.torch":1,"stat.useItem.minecraft.iron_pickaxe":54,"stat.craftItem.minecraft.wooden_pickaxe":1,"stat.mineBlock.minecraft.stone":33,"stat.mineBlock.minecraft.tallgrass":194,"stat.craftItem.minecraft.cooked_mutton":14,"stat.pickup.minecraft.mutton":14,"stat.diveOneCm":3423,"stat.useItem.minecraft.beetroot":4,"stat.craftItem.minecraft.iron_sword":1,"stat.pickup.minecraft.wheat":8}