{"stat.pickup.minecraft.bone":7,"stat.pickup.minecraft.wooden_slab":18,"stat.useItem.minecraft.iron_axe":245,"stat.leaveGame":1,"stat.useItem.minecraft.log2":66,"stat.mineBlock.minecraft.cobblestone":1,"stat.pickup.minecraft.stone_pickaxe":2,"stat.craftItem.minecraft.iron_axe":2,"stat.swimOneCm":17315,"stat.craftItem.minecraft.shield":1,"stat.useItem.minecraft.planks":226,"stat.pickup.minecraft.porkchop":6,"stat.useItem.minecraft.dirt":124,"stat.useItem.minecraft.stone_slab2":52,"stat.pickup.minecraft.rotten_flesh":21,"stat.craftItem.minecraft.dark_oak_door":3,"stat.pickup.minecraft.sand":116,"stat.craftItem.minecraft.furnace":4,"stat.craftItem.minecraft.stone_axe":1,"stat.craftItem.minecraft.iron_boots":1,"stat.craftItem.minecraft.stone_pickaxe":3,"stat.killEntity.Enderman":3,"stat.pickup.minecraft.cobblestone":78,"stat.mineBlock.minecraft.wooden_slab":16,"stat.useItem.minecraft.stone_shovel":151,"stat.flyOneCm":180988,"stat.craftItem.minecraft.iron_shovel":1,"stat.mineBlock.minecraft.sand":116,"stat.craftItem.minecraft.wooden_slab":96,"stat.mineBlock.minecraft.iron_ore":73,"stat.timeSinceDeath":28318,"stat.useItem.minecraft.iron_pickaxe":7,"stat.craftItem.minecraft.wooden_pickaxe":1,"stat.useItem.minecraft.wooden_slab":104,"stat.pickup.minecraft.mutton":43,"stat.useItem.minecraft.iron_shovel":208,"stat.craftItem.minecraft.bed":6,"stat.useItem.minecraft.potato":8,"stat.pickup.minecraft.dark_oak_door":1,"stat.furnaceInteraction":93,"stat.useItem.minecraft.cooked_porkchop":3,"stat.mineBlock.minecraft.dark_oak_stairs":10,"stat.killEntity.ZombieVillager":6,"stat.mineBlock.minecraft.coal_ore":65,"stat.useItem.minecraft.dark_oak_stairs":48,"stat.killEntity.Creeper":1,"stat.pickup.minecraft.string":2,"stat.pickup.minecraft.furnace":8,"stat.useItem.minecraft.cooked_mutton":10,"stat.craftItem.minecraft.stone_slab2":0,"stat.sprintOneCm":194323,"stat.craftItem.minecraft.stick":28,"stat.craftItem.minecraft.wooden_axe":1,"stat.useItem.minecraft.dark_oak_door":2,"stat.mineBlock.minecraft.crafting_table":5,"stat.mineBlock.minecraft.planks":9,"stat.deaths":2,"stat.drop":20,"stat.playOneMinute":90378,"stat.killEntity.Sheep":21,"stat.craftItem.minecraft.iron_pickaxe":1,"stat.killEntity.Zombie":3,"stat.drop.minecraft.iron_ingot":24,"stat.mineBlock.minecraft.tallgrass":55,"stat.craftItem.minecraft.cooked_mutton":10,"stat.diveOneCm":4323,"stat.pickup.minecraft.cooked_mutton":18,"stat.pickup.minecraft.wheat":10,"stat.chestOpened":34,"stat.pickup.minecraft.arrow":10,"stat.craftItem.minecraft.cooked_porkchop":6,"stat.craftItem.minecraft.dark_oak_stairs":52,"stat.useItem.minecraft.rotten_flesh":2,"stat.drop.minecraft.cooked_porkchop":3,"stat.jump":1236,"stat.pickup.minecraft.coal":114,"stat.fallOneCm":22009,"stat.pickup.minecraft.iron_ingot":48,"stat.pickup.minecraft.carrot":38,"stat.useItem.minecraft.stone_axe":83,"stat.crouchOneCm":226,"stat.mineBlock.minecraft.chest":2,"stat.pickup.minecraft.spider_eye":1,"stat.craftItem.minecraft.chest":3,"stat.craftItem.minecraft.torch":16,"stat.craftItem.minecraft.iron_ingot":73,"stat.pickup.minecraft.dirt":233,"stat.craftItem.minecraft.iron_helmet":1,"stat.craftingTableInteraction":49,"stat.pickup.minecraft.iron_ore":73,"stat.useItem.minecraft.glass":92,"stat.boatOneCm":19947,"stat.useItem.minecraft.sapling":6,"stat.pickup.minecraft.iron_axe":1,"stat.mineBlock.minecraft.leaves2":4,"stat.mineBlock.minecraft.log2":206,"stat.damageTaken":1131,"stat.mineBlock.minecraft.furnace":7,"stat.mineBlock.minecraft.torch":10,"stat.mineBlock.minecraft.red_flower":2,"stat.useItem.minecraft.wooden_pickaxe":38,"stat.useItem.minecraft.furnace":5,"stat.pickup.minecraft.log2":243,"stat.pickup.minecraft.planks":10,"stat.pickup.minecraft.bed":6,"stat.pickup.minecraft.wheat_seeds":44,"stat.pickup.minecraft.potato":50,"stat.useItem.minecraft.stone_pickaxe":161,"stat.mineBlock.minecraft.glass":2,"stat.damageDealt":5579,"stat.craftItem.minecraft.glass":101,"stat.sleepInBed":12,"stat.mineBlock.minecraft.dirt":217,"stat.killEntity.Pig":2,"stat.pickup.minecraft.poisonous_potato":1,"stat.drop.minecraft.iron_axe":1,"stat.craftItem.minecraft.stone_shovel":1,"stat.pickup.minecraft.boat":1,"stat.walkOneCm":371365,"stat.useItem.minecraft.torch":19,"stat.useItem.minecraft.chest":2,"stat.pickup.minecraft.crafting_table":5,"stat.useItem.minecraft.log":2,"stat.useItem.minecraft.cobblestone":1,"stat.craftItem.minecraft.crafting_table":2,"stat.craftItem.minecraft.boat":1,"stat.pickup.minecraft.log":28,"stat.craftItem.minecraft.iron_chestplate":1,"stat.pickup.minecraft.sapling":12,"stat.pickup.minecraft.ender_pearl":1,"stat.pickup.minecraft.wooden_door":3,"stat.entityKilledBy.Enderman":2,"stat.pickup.minecraft.gold_ingot":2,"stat.killEntity.Skeleton":2,"stat.pickup.minecraft.beetroot":14,"stat.craftItem.minecraft.planks":648,"stat.useItem.minecraft.iron_sword":52,"stat.killEntity.Spider":3,"stat.pickup.minecraft.bread":2,"stat.pickup.minecraft.dark_oak_stairs":10,"stat.mobKills":39,"stat.mineBlock.minecraft.log":28,"stat.craftItem.minecraft.wooden_door":3,"stat.useItem.minecraft.wooden_door":1,"stat.useItem.minecraft.boat":2,"stat.pickup.minecraft.diamond":3,"stat.mineBlock.minecraft.leaves":2,"stat.pickup.minecraft.beetroot_seeds":70,"stat.pickup.minecraft.torch":10,"stat.pickup.minecraft.red_flower":2,"stat.sneakTime":146,"stat.pickup.minecraft.wool":34,"stat.useItem.minecraft.wooden_axe":6,"stat.mineBlock.minecraft.stone":59,"stat.pickup.minecraft.chest":2}